date_of_sale,product,location,quantity,unit_price,total_price
2024-01-08,Video Game Console,Helena,10,109.45,1094.5
2024-01-21,T-Shirt,Windsor,9,87.32,785.8799999999999
2024-01-27,Speakers,Regina,2,98.11,196.22
2024-01-06,Television,Regina,8,22.18,177.44
2024-01-31,Power Drill,Jackson,10,19.37,193.70000000000002
2024-01-31,Speakers,Juneau,3,38.82,116.46000000000001
2024-01-25,Bluetooth Speaker,Red Deer,8,14.55,116.4
2024-01-20,Power Drill,Helena,7,99.86,699.02
2024-01-11,Speakers,Lansing,4,104.04,416.16
2024-01-24,Smartwatch,Tallahassee,10,47.29,472.9
2024-01-03,Hammer,Baton Rouge,3,28.53,85.59
2024-01-06,Smartwatch,Baton Rouge,9,107.28,965.52
2024-01-23,Dress Shirt,Bismarck,9,109.77,987.93
2024-01-19,Wrench,Columbus,12,61.98,743.76
2024-01-18,Bluetooth Speaker,Bismarck,10,113.65,1136.5
2024-01-16,Smartwatch,Helena,1,58.26,58.26
2024-01-22,Cooking Utensils,Prince George,10,22.72,227.2
2024-01-20,Chainsaw,Reno,5,108.42,542.1
2024-01-16,Sweater,Thunder Bay,10,17.33,173.29999999999998
2024-01-13,Smartwatch,Lethbridge,9,48.96,440.64
2024-01-04,Vacuum,Thunder Bay,11,94.45,1038.95
2024-01-15,Dishware Set,Baton Rouge,8,89.53,716.24
2024-01-30,T-Shirt,Red Deer,6,25.08,150.48
2024-01-06,Sweater,Lansing,1,95.03,95.03
2024-01-22,Television,Reno,8,39.79,318.32
2024-01-21,Pots and Pans,Prince George,3,30.85,92.55000000000001
2024-01-31,Sweater,Saint John,8,42.59,340.72
2024-01-09,Flashlight,Juneau,10,103.57,1035.6999999999998
2024-01-18,Dress Shirt,Lethbridge,10,32.36,323.6
2024-01-16,Frying Pan,Topeka,9,53.61,482.49
2024-01-28,Jeans,Bismarck,3,59.34,178.02
2024-01-31,Cooking Utensils,Whitehorse,8,58.4,467.2
2024-01-03,Smartwatch,Helena,2,51.76,103.52
2024-01-14,Television,Corner Brook,8,50.84,406.72
2024-01-20,Chainsaw,Columbus,4,5.99,23.96
2024-01-28,Television,Prince George,8,68.82,550.56
2024-01-04,Dress Shirt,Bismarck,11,50.68,557.48
2024-01-31,Hammer,Lethbridge,3,29.89,89.67
2024-01-30,Chainsaw,Saint John,11,87.82,966.02
2024-01-15,Wrench,Helena,5,77.02,385.09999999999997
2024-01-29,Chainsaw,Whitehorse,7,25.13,175.91
2024-01-07,Cooking Utensils,Helena,3,32.95,98.85000000000001
2024-01-04,Dress Shirt,Corner Brook,9,23.05,207.45000000000002
2024-01-29,Wrench,Concord,4,78.91,315.64
2024-01-10,Frying Pan,Columbus,7,6.03,42.21
2024-01-20,Sweater,Helena,5,107.5,537.5
2024-01-04,Vacuum,Windsor,6,84.81,508.86
2024-01-30,Jacket,Corner Brook,3,95.0,285.0
2024-01-07,Dishware Set,Bismarck,8,17.21,137.68
2024-01-31,Wrench,Tallahassee,3,124.42,373.26
2024-01-14,Smartwatch,Concord,8,54.64,437.12
2024-01-05,Dishware Set,Jackson,8,65.21,521.68
2024-01-05,Power Drill,Baton Rouge,6,6.49,38.94
2024-01-01,Chainsaw,Topeka,4,77.98,311.92
2024-01-27,Jacket,Lansing,5,36.91,184.54999999999998
2024-01-31,Television,Corner Brook,1,29.89,29.89
2024-01-11,Sweater,Topeka,8,57.99,463.92
2024-01-12,Television,Columbus,12,12.43,149.16
2024-01-04,Pots and Pans,Whitehorse,9,60.12,541.0799999999999
2024-01-22,Speakers,Concord,8,101.72,813.76
2024-01-05,Speakers,Saint John,9,106.56,959.04
2024-01-16,Power Drill,Thunder Bay,12,89.3,1071.6
2024-01-19,Speakers,Prince George,7,107.15,750.0500000000001
2024-01-27,Chainsaw,Baton Rouge,6,104.58,627.48
2024-01-26,Flashlight,Helena,10,84.71,847.0999999999999
2024-01-03,Smartwatch,Bismarck,7,41.47,290.28999999999996
2024-01-31,Bluetooth Speaker,Concord,6,60.68,364.08
2024-01-22,Smartwatch,Thunder Bay,10,10.53,105.3
2024-01-22,Pots and Pans,Thunder Bay,12,19.55,234.60000000000002
2024-01-25,Jeans,Columbus,12,34.63,415.56000000000006
2024-01-22,Jeans,Regina,2,62.22,124.44
2024-01-14,Dress Shirt,Thunder Bay,7,88.63,620.41
2024-01-21,Wrench,Juneau,10,13.75,137.5
2024-01-13,Wrench,Jackson,12,41.81,501.72
2024-01-21,Bluetooth Speaker,Windsor,5,43.79,218.95
2024-01-05,Bluetooth Speaker,Reno,6,99.38,596.28
2024-01-11,Hammer,Baton Rouge,10,118.85,1188.5
2024-01-28,Video Game Console,Bismarck,6,40.76,244.56
2024-01-08,Video Game Console,Lansing,6,40.9,245.39999999999998
2024-01-25,Frying Pan,Concord,3,69.52,208.56
2024-01-14,Jacket,Columbus,4,46.78,187.12
2024-01-16,Speakers,Juneau,5,84.22,421.1
2024-01-31,Flashlight,Bismarck,9,38.19,343.71
2024-01-20,Flashlight,Helena,4,49.67,198.68
2024-01-08,Bluetooth Speaker,Red Deer,10,37.73,377.29999999999995
2024-01-28,Cooking Utensils,Thunder Bay,8,62.93,503.44
2024-01-15,Pots and Pans,Red Deer,6,9.95,59.699999999999996
2024-01-09,Vacuum,Columbus,8,63.76,510.08
2024-01-18,T-Shirt,Windsor,3,41.66,124.97999999999999
2024-01-04,Smartwatch,Lethbridge,5,103.52,517.6
2024-01-31,Power Drill,Regina,9,118.26,1064.3400000000001
2024-01-04,Sweater,Lansing,11,17.11,188.20999999999998
2024-01-03,Pots and Pans,Columbus,4,120.34,481.36
2024-01-20,Hammer,Saint John,5,59.39,296.95
2024-01-26,Speakers,Concord,12,95.42,1145.04
2024-01-30,T-Shirt,Corner Brook,12,103.33,1239.96
2024-01-12,Video Game Console,Windsor,3,124.27,372.81
2024-01-20,Vacuum,Thunder Bay,9,5.91,53.19
2024-01-31,Sweater,Juneau,5,6.05,30.25
2024-01-26,Power Drill,Topeka,12,27.62,331.44
2024-01-07,T-Shirt,Baton Rouge,2,67.02,134.04
2024-01-04,Hammer,Regina,9,55.07,495.63
2024-01-04,Chainsaw,Whitehorse,9,34.17,307.53000000000003
2024-01-21,Power Drill,Jackson,7,57.03,399.21000000000004
2024-01-03,Speakers,Concord,11,8.42,92.62
2024-01-25,Pots and Pans,Saint John,9,121.68,1095.1200000000001
2024-01-12,Television,Columbus,8,123.44,987.52
2024-01-02,Dress Shirt,Lansing,7,43.7,305.90000000000003
2024-01-25,Jeans,Baton Rouge,5,69.75,348.75
2024-01-21,Hammer,Jackson,10,22.98,229.8
2024-01-04,Pots and Pans,Reno,12,106.08,1272.96
2024-01-12,Hammer,Concord,8,106.95,855.6
2024-01-31,Sweater,Prince George,10,26.55,265.5
2024-01-05,T-Shirt,Jackson,2,105.85,211.7
2024-01-10,Hammer,Lethbridge,5,69.35,346.75
2024-01-20,Wrench,Red Deer,12,47.91,574.92
2024-01-20,Flashlight,Bismarck,9,94.47,850.23
2024-01-27,Flashlight,Reno,8,13.77,110.16
2024-01-08,Video Game Console,Juneau,4,24.31,97.24
2024-01-03,Jacket,Saint John,2,71.43,142.86
2024-01-14,Dishware Set,Windsor,10,43.44,434.4
2024-01-22,T-Shirt,Concord,12,58.61,703.3199999999999
2024-01-30,Frying Pan,Thunder Bay,1,66.99,66.99
2024-01-10,Smartwatch,Helena,3,72.86,218.57999999999998
2024-01-14,Pots and Pans,Thunder Bay,2,117.86,235.72
2024-01-19,Hammer,Bismarck,1,10.96,10.96
2024-01-19,Smartwatch,Baton Rouge,1,59.43,59.43
2024-01-22,Pots and Pans,Jackson,5,86.08,430.4
2024-01-05,Pots and Pans,Jackson,6,55.82,334.92
2024-01-28,Jeans,Tallahassee,4,43.0,172.0
2024-01-22,Hammer,Helena,2,86.13,172.26
2024-01-09,Sweater,Regina,5,14.51,72.55
2024-01-01,Smartwatch,Thunder Bay,10,110.5,1105.0
2024-01-07,Chainsaw,Lethbridge,10,25.85,258.5
2024-01-10,Speakers,Whitehorse,12,84.04,1008.48
2024-01-21,Jeans,Concord,3,5.02,15.059999999999999
2024-01-13,T-Shirt,Helena,4,48.84,195.36
2024-01-13,Television,Lethbridge,1,22.79,22.79
2024-01-09,Dress Shirt,Regina,1,27.01,27.01
2024-01-11,Sweater,Reno,6,29.5,177.0
2024-01-09,Chainsaw,Regina,12,91.84,1102.08
2024-01-26,Vacuum,Concord,2,38.06,76.12
2024-01-21,Speakers,Saint John,4,27.8,111.2
2024-01-22,Chainsaw,Windsor,11,71.76,789.36
2024-01-13,Flashlight,Bismarck,10,109.27,1092.7
2024-01-06,T-Shirt,Jackson,9,114.98,1034.82
2024-01-16,Bluetooth Speaker,Bismarck,8,103.52,828.16
2024-01-02,T-Shirt,Red Deer,7,109.65,767.5500000000001
2024-01-24,Chainsaw,Red Deer,7,121.84,852.88
2024-01-13,Chainsaw,Prince George,8,103.95,831.6
2024-01-07,T-Shirt,Bismarck,5,42.91,214.54999999999998
2024-01-02,Power Drill,Regina,5,85.91,429.54999999999995
2024-01-30,Cooking Utensils,Lansing,3,116.85,350.54999999999995
2024-01-03,Dishware Set,Helena,7,30.54,213.78
2024-01-09,Television,Regina,1,37.82,37.82
2024-01-17,Bluetooth Speaker,Windsor,11,113.05,1243.55
2024-01-20,Speakers,Windsor,6,48.02,288.12
2024-01-27,Flashlight,Regina,9,38.16,343.43999999999994
2024-01-24,Jacket,Corner Brook,6,7.41,44.46
2024-01-22,Bluetooth Speaker,Whitehorse,9,109.86,988.74
2024-01-11,T-Shirt,Windsor,12,101.33,1215.96
2024-01-24,T-Shirt,Prince George,2,91.17,182.34
2024-01-09,Sweater,Red Deer,1,58.54,58.54
2024-01-15,Chainsaw,Helena,11,30.58,336.38
2024-01-01,Sweater,Baton Rouge,5,86.06,430.3
2024-01-30,Smartwatch,Columbus,3,121.09,363.27
2024-01-05,Jacket,Columbus,11,67.09,737.99
2024-01-01,Dress Shirt,Prince George,6,112.22,673.3199999999999
2024-01-12,Wrench,Whitehorse,4,82.2,328.8
2024-01-22,Dishware Set,Thunder Bay,10,122.91,1229.1
2024-01-18,Smartwatch,Helena,11,56.27,618.97
2024-01-24,Frying Pan,Topeka,9,46.2,415.8
2024-01-29,Pots and Pans,Helena,7,114.47,801.29
2024-01-06,Speakers,Windsor,12,41.78,501.36
2024-01-15,Dishware Set,Reno,11,33.79,371.69
2024-01-24,Pots and Pans,Tallahassee,5,24.48,122.4
2024-01-23,T-Shirt,Red Deer,4,43.96,175.84
2024-01-21,Jacket,Bismarck,7,17.58,123.05999999999999
2024-01-12,Cooking Utensils,Red Deer,10,59.35,593.5
2024-01-26,Cooking Utensils,Windsor,4,32.69,130.76
2024-01-29,Smartwatch,Bismarck,5,40.81,204.05
2024-01-26,Sweater,Concord,4,84.29,337.16
2024-01-13,Chainsaw,Regina,11,29.34,322.74
2024-01-27,Wrench,Saint John,1,70.07,70.07
2024-01-13,Pots and Pans,Baton Rouge,2,26.23,52.46
2024-01-31,Pots and Pans,Baton Rouge,11,84.27,926.9699999999999
2024-01-24,Vacuum,Juneau,5,83.36,416.8
2024-01-04,Dress Shirt,Baton Rouge,8,73.36,586.88
2024-01-03,Smartwatch,Saint John,11,104.92,1154.1200000000001
2024-01-21,Dishware Set,Whitehorse,7,75.63,529.41
2024-01-01,Cooking Utensils,Thunder Bay,6,104.53,627.1800000000001
2024-01-24,Television,Corner Brook,11,79.38,873.18
2024-01-11,Bluetooth Speaker,Tallahassee,2,98.75,197.5
2024-01-16,Flashlight,Helena,4,32.08,128.32
2024-01-22,Power Drill,Juneau,2,66.26,132.52
2024-01-19,Chainsaw,Baton Rouge,7,29.47,206.29
2024-01-09,Wrench,Columbus,8,38.61,308.88
2024-01-05,Flashlight,Regina,1,49.2,49.2
2024-01-21,Jacket,Lansing,11,38.47,423.16999999999996
2024-01-16,T-Shirt,Reno,9,8.35,75.14999999999999
2024-01-24,Wrench,Baton Rouge,7,69.56,486.92
2024-01-14,Smartwatch,Corner Brook,3,58.49,175.47
2024-01-07,Chainsaw,Lethbridge,8,51.73,413.84
2024-01-03,Chainsaw,Red Deer,3,116.27,348.81
2024-01-18,Pots and Pans,Topeka,1,19.02,19.02
2024-01-08,Cooking Utensils,Thunder Bay,1,70.24,70.24
2024-01-13,Jeans,Bismarck,8,37.56,300.48
2024-01-20,Bluetooth Speaker,Bismarck,11,13.89,152.79000000000002
2024-01-05,Pots and Pans,Corner Brook,1,49.44,49.44
2024-01-10,Speakers,Juneau,9,74.06,666.54
2024-01-05,Vacuum,Jackson,4,99.9,399.6
2024-01-18,Frying Pan,Lethbridge,8,20.08,160.64
2024-01-29,Pots and Pans,Columbus,12,68.77,825.24
2024-01-12,Smartwatch,Baton Rouge,4,93.68,374.72
2024-01-14,Speakers,Saint John,12,54.63,655.5600000000001
2024-01-05,Hammer,Jackson,2,8.94,17.88
2024-01-06,Dress Shirt,Tallahassee,1,124.41,124.41
2024-01-07,Hammer,Thunder Bay,12,34.44,413.28
2024-01-17,Video Game Console,Juneau,7,59.0,413.0
2024-01-04,Sweater,Bismarck,1,48.87,48.87
2024-01-24,Dress Shirt,Juneau,3,86.79,260.37
2024-01-26,Frying Pan,Lethbridge,7,63.86,447.02
2024-01-01,Power Drill,Bismarck,4,80.8,323.2
2024-01-26,Chainsaw,Tallahassee,1,66.44,66.44
2024-01-25,Flashlight,Concord,5,66.53,332.65
2024-01-04,Bluetooth Speaker,Whitehorse,3,15.38,46.14
2024-01-04,Frying Pan,Red Deer,4,41.02,164.08
2024-01-01,Video Game Console,Helena,12,108.35,1300.1999999999998
2024-01-03,Sweater,Bismarck,5,104.02,520.1
2024-01-02,Bluetooth Speaker,Prince George,5,98.9,494.5
2024-01-12,Dishware Set,Concord,10,5.81,58.099999999999994
2024-01-30,Power Drill,Bismarck,10,110.78,1107.8
2024-01-29,Bluetooth Speaker,Corner Brook,8,56.12,448.96
2024-01-05,Dress Shirt,Lansing,1,58.57,58.57
2024-01-30,Power Drill,Reno,1,74.96,74.96
2024-01-08,Dishware Set,Tallahassee,11,47.54,522.9399999999999
2024-01-29,Hammer,Thunder Bay,4,98.42,393.68
2024-01-10,Frying Pan,Corner Brook,11,69.48,764.2800000000001
2024-01-14,Wrench,Concord,12,67.25,807.0
2024-01-25,Bluetooth Speaker,Helena,4,46.73,186.92
2024-01-05,Sweater,Whitehorse,4,13.47,53.88
2024-01-24,Smartwatch,Regina,9,24.52,220.68
2024-01-28,Flashlight,Lethbridge,11,111.05,1221.55
2024-01-11,Chainsaw,Helena,1,12.06,12.06
2024-01-24,Dress Shirt,Topeka,6,5.77,34.62
2024-01-28,Pots and Pans,Baton Rouge,5,28.86,144.3
2024-01-25,T-Shirt,Tallahassee,10,62.05,620.5
2024-01-02,Frying Pan,Saint John,3,62.12,186.35999999999999
2024-01-12,Wrench,Baton Rouge,10,67.52,675.1999999999999
2024-01-22,Speakers,Regina,6,85.68,514.08
2024-01-07,Dishware Set,Windsor,5,20.79,103.94999999999999
2024-01-20,Dress Shirt,Columbus,5,45.17,225.85000000000002
2024-01-31,Bluetooth Speaker,Columbus,6,79.38,476.28
2024-01-10,Dress Shirt,Helena,7,71.95,503.65000000000003
2024-01-04,Flashlight,Topeka,8,16.26,130.08
2024-01-10,Jacket,Corner Brook,7,28.56,199.92
2024-01-01,Video Game Console,Thunder Bay,3,114.38,343.14
2024-01-28,Sweater,Baton Rouge,9,113.9,1025.1000000000001
2024-01-30,Jacket,Regina,11,32.34,355.74
2024-01-27,Vacuum,Red Deer,11,120.35,1323.85
2024-01-19,Dress Shirt,Regina,8,43.28,346.24
2024-01-27,Television,Reno,4,33.66,134.64
2024-01-19,Vacuum,Lansing,6,61.43,368.58
2024-01-14,Television,Jackson,12,58.64,703.6800000000001
2024-01-15,Speakers,Lansing,8,93.13,745.04
2024-01-20,Hammer,Bismarck,6,92.76,556.5600000000001
2024-01-25,Vacuum,Thunder Bay,9,98.06,882.54
2024-01-29,Frying Pan,Windsor,3,26.47,79.41
2024-01-17,Dress Shirt,Prince George,1,93.58,93.58
2024-01-13,Wrench,Helena,1,64.54,64.54
2024-01-29,Chainsaw,Juneau,3,74.54,223.62
2024-01-07,Jeans,Topeka,9,79.71,717.39
2024-01-02,Wrench,Lethbridge,7,88.61,620.27
2024-01-30,Smartwatch,Helena,5,75.24,376.2
2024-01-26,Dishware Set,Prince George,4,94.56,378.24
2024-01-18,Frying Pan,Baton Rouge,11,124.79,1372.69
2024-01-06,Cooking Utensils,Juneau,4,103.44,413.76
2024-01-02,T-Shirt,Tallahassee,7,76.42,534.94
2024-01-14,Jacket,Topeka,8,55.15,441.2
2024-01-21,Vacuum,Red Deer,11,124.62,1370.8200000000002
2024-01-08,Television,Baton Rouge,4,13.68,54.72
2024-01-27,Speakers,Thunder Bay,11,115.31,1268.41
2024-01-27,T-Shirt,Corner Brook,9,41.23,371.07
2024-01-30,Speakers,Windsor,4,10.05,40.2
2024-01-15,Sweater,Tallahassee,8,100.59,804.72
2024-01-16,T-Shirt,Juneau,11,54.48,599.28
2024-01-12,Jeans,Whitehorse,10,100.18,1001.8000000000001
2024-01-03,Vacuum,Regina,1,114.06,114.06
2024-01-27,Dishware Set,Lansing,1,86.94,86.94
2024-01-01,Vacuum,Columbus,7,63.52,444.64000000000004
2024-01-10,Hammer,Tallahassee,5,98.74,493.7
2024-01-02,Power Drill,Whitehorse,12,97.21,1166.52
2024-01-14,Power Drill,Lansing,1,74.41,74.41
2024-01-25,Frying Pan,Regina,9,63.15,568.35
2024-01-21,Frying Pan,Red Deer,10,108.31,1083.1
2024-01-21,Flashlight,Regina,8,16.66,133.28
2024-01-11,Jacket,Reno,12,18.54,222.48
2024-01-09,Speakers,Lethbridge,11,101.46,1116.06
2024-01-24,Jacket,Tallahassee,12,41.28,495.36
2024-01-11,Hammer,Columbus,5,80.83,404.15
2024-01-17,Speakers,Corner Brook,4,60.92,243.68
2024-01-24,Power Drill,Saint John,5,11.46,57.300000000000004
2024-01-30,Frying Pan,Lansing,11,103.61,1139.71
2024-01-20,Hammer,Reno,12,51.12,613.4399999999999
2024-01-25,Speakers,Topeka,9,54.79,493.11
2024-01-08,Chainsaw,Topeka,10,117.88,1178.8
2024-01-13,Video Game Console,Columbus,9,122.83,1105.47
2024-01-09,Frying Pan,Thunder Bay,9,86.21,775.89
2024-01-18,Dishware Set,Corner Brook,7,68.65,480.55000000000007
2024-01-12,Sweater,Saint John,6,106.75,640.5
2024-01-21,Power Drill,Prince George,10,72.11,721.1
2024-01-23,Wrench,Corner Brook,7,62.79,439.53
2024-01-11,Vacuum,Jackson,9,64.83,583.47
2024-01-30,T-Shirt,Windsor,10,24.2,242.0
2024-01-26,Cooking Utensils,Concord,2,118.3,236.6
2024-01-16,Sweater,Lethbridge,3,86.71,260.13
2024-01-20,Sweater,Saint John,8,104.53,836.24
2024-01-11,Pots and Pans,Whitehorse,3,13.25,39.75
2024-01-28,Cooking Utensils,Baton Rouge,6,89.59,537.54
2024-01-14,Power Drill,Juneau,2,92.25,184.5
2024-01-04,Jeans,Corner Brook,9,16.75,150.75
2024-01-02,Wrench,Prince George,8,88.8,710.4
2024-01-19,Television,Bismarck,3,29.93,89.78999999999999
2024-01-28,Jacket,Juneau,5,49.44,247.2
2024-01-14,T-Shirt,Topeka,10,88.95,889.5
2024-01-05,Television,Baton Rouge,7,8.99,62.93
2024-01-21,Frying Pan,Thunder Bay,5,77.5,387.5
2024-01-20,Chainsaw,Prince George,8,94.01,752.08
2024-01-25,Sweater,Baton Rouge,2,22.51,45.02
2024-01-27,Bluetooth Speaker,Windsor,12,107.01,1284.1200000000001
2024-01-12,Smartwatch,Helena,8,19.72,157.76
2024-01-17,Frying Pan,Baton Rouge,3,78.03,234.09
2024-01-15,Wrench,Prince George,12,66.72,800.64
2024-01-17,Bluetooth Speaker,Juneau,9,33.36,300.24
2024-01-18,Speakers,Regina,3,109.64,328.92
2024-01-09,Dishware Set,Windsor,12,119.91,1438.92
2024-01-07,Dishware Set,Red Deer,11,58.1,639.1
2024-01-22,Smartwatch,Lansing,9,81.64,734.76
2024-01-16,Cooking Utensils,Thunder Bay,3,49.76,149.28
2024-01-27,Sweater,Windsor,3,36.14,108.42
2024-01-12,Chainsaw,Concord,8,18.33,146.64
2024-01-29,T-Shirt,Concord,2,15.85,31.7
2024-01-15,Jeans,Windsor,11,21.49,236.39
2024-01-10,Dishware Set,Juneau,4,93.6,374.4
2024-01-26,Chainsaw,Regina,8,6.08,48.64
2024-01-31,Power Drill,Windsor,4,58.24,232.96
2024-01-02,Dishware Set,Columbus,12,121.73,1460.76
2024-01-10,Speakers,Red Deer,5,92.88,464.4
2024-01-30,Vacuum,Reno,5,63.84,319.20000000000005
2024-01-23,Jeans,Whitehorse,8,73.84,590.72
2024-01-06,Video Game Console,Prince George,10,106.12,1061.2
2024-01-31,Sweater,Juneau,2,28.77,57.54
2024-01-16,Video Game Console,Helena,7,76.15,533.0500000000001
2024-01-23,T-Shirt,Juneau,8,111.91,895.28
2024-01-21,Television,Lethbridge,12,114.6,1375.1999999999998
2024-01-28,Wrench,Bismarck,3,75.35,226.04999999999998
2024-01-29,Dishware Set,Saint John,5,50.42,252.10000000000002
2024-01-09,Dishware Set,Regina,11,49.23,541.53
2024-01-19,Wrench,Bismarck,11,17.59,193.49
2024-01-15,Wrench,Helena,10,35.54,355.4
2024-01-12,Frying Pan,Lethbridge,3,16.25,48.75
2024-01-14,Pots and Pans,Whitehorse,8,87.61,700.88
2024-01-03,Speakers,Windsor,5,75.55,377.75
2024-01-18,Speakers,Prince George,5,111.65,558.25
2024-01-21,Cooking Utensils,Reno,6,28.02,168.12
2024-01-15,Frying Pan,Columbus,6,74.48,446.88
2024-01-21,Speakers,Tallahassee,12,16.66,199.92000000000002
2024-01-27,Frying Pan,Red Deer,6,54.14,324.84000000000003
2024-01-22,Wrench,Windsor,4,13.23,52.92
2024-01-24,Speakers,Helena,9,124.38,1119.42
2024-01-23,Speakers,Prince George,5,39.34,196.70000000000002
2024-01-17,Cooking Utensils,Concord,9,99.21,892.89
2024-01-02,Dishware Set,Lansing,9,28.84,259.56
2024-01-07,Hammer,Lansing,5,40.75,203.75
2024-01-25,Television,Jackson,3,101.94,305.82
2024-01-31,Flashlight,Bismarck,12,121.77,1461.24
2024-01-15,Jeans,Saint John,2,37.9,75.8
2024-01-06,T-Shirt,Prince George,9,18.0,162.0
2024-01-04,Chainsaw,Topeka,8,57.45,459.6
2024-01-15,Wrench,Red Deer,1,54.88,54.88
2024-01-26,Frying Pan,Bismarck,3,83.04,249.12
2024-01-07,Chainsaw,Lethbridge,4,40.65,162.6
2024-01-11,Dishware Set,Concord,8,107.69,861.52
2024-01-11,Jeans,Saint John,11,43.35,476.85
2024-01-26,Vacuum,Thunder Bay,8,93.17,745.36
2024-01-06,T-Shirt,Bismarck,4,39.42,157.68
2024-01-04,Smartwatch,Thunder Bay,8,47.59,380.72
2024-01-21,Jacket,Concord,8,54.92,439.36
2024-01-28,Television,Concord,12,51.3,615.5999999999999
2024-01-18,Video Game Console,Baton Rouge,5,85.94,429.7
2024-01-29,Jeans,Lansing,1,39.97,39.97
2024-01-13,Vacuum,Bismarck,7,96.06,672.4200000000001
2024-01-05,Flashlight,Tallahassee,11,8.09,88.99
2024-01-29,Hammer,Whitehorse,1,123.53,123.53
2024-01-28,Sweater,Concord,1,95.43,95.43
2024-01-26,Jeans,Prince George,1,28.42,28.42
2024-01-21,Cooking Utensils,Baton Rouge,6,61.57,369.42
2024-01-14,Dress Shirt,Saint John,11,116.56,1282.16
2024-01-31,Pots and Pans,Saint John,7,76.95,538.65
2024-01-19,Video Game Console,Saint John,12,52.19,626.28
2024-01-16,Sweater,Lansing,9,53.5,481.5
2024-01-23,Wrench,Corner Brook,3,122.6,367.79999999999995
2024-01-09,Speakers,Whitehorse,3,94.69,284.07
2024-01-05,Pots and Pans,Lansing,8,11.51,92.08
2024-01-21,Cooking Utensils,Helena,5,54.11,270.55
2024-01-18,Television,Lansing,5,78.36,391.8
2024-01-21,Sweater,Windsor,9,70.67,636.03
2024-01-11,Speakers,Thunder Bay,2,29.13,58.26
2024-01-17,Flashlight,Reno,7,98.39,688.73
2024-01-09,T-Shirt,Columbus,1,116.02,116.02
2024-01-25,Dishware Set,Juneau,8,79.63,637.04
2024-01-07,Cooking Utensils,Bismarck,10,79.35,793.5
2024-01-15,Cooking Utensils,Lethbridge,3,49.89,149.67000000000002
2024-01-23,Pots and Pans,Columbus,3,81.26,243.78000000000003
2024-01-24,Jacket,Jackson,1,39.36,39.36
2024-01-31,Wrench,Saint John,4,71.05,284.2
2024-01-20,Hammer,Regina,4,59.16,236.64
2024-01-17,Dishware Set,Baton Rouge,11,39.25,431.75
2024-01-17,Frying Pan,Bismarck,11,96.01,1056.1100000000001
2024-01-30,Dress Shirt,Concord,6,84.46,506.76
2024-01-23,Video Game Console,Prince George,10,19.41,194.1
2024-01-22,Sweater,Saint John,2,35.2,70.4
2024-01-30,Cooking Utensils,Corner Brook,12,43.12,517.4399999999999
2024-01-18,Dress Shirt,Helena,9,23.45,211.04999999999998
2024-01-23,Dress Shirt,Red Deer,5,55.33,276.65
2024-01-13,Smartwatch,Topeka,12,45.54,546.48
2024-01-12,Flashlight,Corner Brook,6,25.71,154.26
2024-01-13,Frying Pan,Columbus,8,21.51,172.08
2024-01-10,T-Shirt,Red Deer,8,110.33,882.64
2024-01-10,Dishware Set,Corner Brook,5,85.17,425.85
2024-01-13,Jacket,Concord,10,39.99,399.90000000000003
2024-01-10,Pots and Pans,Red Deer,7,104.69,732.8299999999999
2024-01-05,Vacuum,Thunder Bay,8,74.68,597.44
2024-01-28,Jeans,Regina,12,92.14,1105.68
2024-01-09,Dishware Set,Saint John,4,105.83,423.32
2024-01-01,Power Drill,Corner Brook,3,19.56,58.67999999999999
2024-01-17,Cooking Utensils,Reno,7,34.9,244.29999999999998
2024-01-27,Frying Pan,Windsor,2,59.68,119.36
2024-01-08,T-Shirt,Columbus,1,23.14,23.14
2024-01-06,Cooking Utensils,Reno,3,44.31,132.93
2024-01-22,Frying Pan,Windsor,5,42.52,212.60000000000002
2024-01-29,Cooking Utensils,Reno,9,37.69,339.21
2024-01-28,Smartwatch,Bismarck,5,11.72,58.6
2024-01-22,Cooking Utensils,Concord,4,70.36,281.44
2024-01-27,Flashlight,Windsor,12,45.32,543.84
2024-01-29,Vacuum,Corner Brook,11,13.11,144.20999999999998
2024-01-25,Power Drill,Columbus,8,100.23,801.84
2024-01-14,Wrench,Topeka,6,92.56,555.36
2024-01-21,Dishware Set,Corner Brook,6,84.01,504.06000000000006
2024-01-08,Bluetooth Speaker,Prince George,9,81.74,735.66
2024-01-12,Jeans,Lansing,9,97.84,880.5600000000001
2024-01-08,Speakers,Whitehorse,9,92.35,831.15
2024-01-19,Hammer,Whitehorse,6,52.42,314.52
2024-01-22,Frying Pan,Columbus,4,121.58,486.32
2024-01-27,Dress Shirt,Corner Brook,7,36.01,252.07
2024-01-01,Bluetooth Speaker,Helena,2,105.72,211.44
2024-01-21,Television,Concord,10,102.87,1028.7
2024-01-18,Speakers,Regina,8,22.24,177.92
2024-01-31,Pots and Pans,Thunder Bay,5,119.71,598.55
2024-01-01,Video Game Console,Saint John,6,51.45,308.70000000000005
2024-01-14,Television,Bismarck,8,45.14,361.12
2024-01-05,Sweater,Saint John,3,55.86,167.57999999999998
2024-01-20,Power Drill,Thunder Bay,11,97.19,1069.09
2024-01-20,Smartwatch,Helena,1,110.31,110.31
2024-01-05,Wrench,Concord,8,28.83,230.64
2024-01-20,Cooking Utensils,Corner Brook,8,10.12,80.96
2024-01-17,T-Shirt,Corner Brook,4,61.56,246.24
2024-01-16,Bluetooth Speaker,Juneau,12,95.25,1143.0
2024-01-23,T-Shirt,Windsor,12,44.58,534.96
2024-01-24,Hammer,Topeka,9,79.73,717.57
2024-01-02,Hammer,Regina,3,80.8,242.39999999999998
2024-01-14,Sweater,Baton Rouge,1,76.35,76.35
2024-01-26,Television,Saint John,9,83.28,749.52
2024-01-20,Speakers,Saint John,3,51.4,154.2
2024-01-28,Vacuum,Red Deer,3,14.42,43.26
2024-01-03,Pots and Pans,Regina,8,88.5,708.0
2024-01-24,Television,Lansing,8,9.91,79.28
2024-01-20,Jacket,Tallahassee,12,109.83,1317.96
2024-01-12,Dress Shirt,Juneau,11,80.25,882.75
2024-01-31,Hammer,Lansing,12,24.31,291.71999999999997
2024-01-30,Pots and Pans,Topeka,5,15.36,76.8
2024-01-04,Television,Prince George,5,55.48,277.4
2024-01-26,Jeans,Saint John,7,104.88,734.16
2024-01-21,Cooking Utensils,Helena,4,24.91,99.64
2024-01-25,Flashlight,Saint John,8,68.63,549.04
2024-01-17,Dishware Set,Windsor,4,49.59,198.36
2024-01-14,Hammer,Red Deer,7,42.71,298.97
2024-01-22,Vacuum,Regina,5,97.39,486.95
2024-01-07,Jeans,Bismarck,2,13.43,26.86
2024-01-05,Video Game Console,Topeka,11,19.64,216.04000000000002
2024-01-15,Television,Tallahassee,2,53.27,106.54
2024-01-09,Frying Pan,Baton Rouge,4,107.83,431.32
2024-01-18,Cooking Utensils,Saint John,1,6.35,6.35
2024-01-20,Chainsaw,Red Deer,12,62.01,744.12
2024-01-05,Pots and Pans,Corner Brook,7,121.07,847.49
2024-01-17,Vacuum,Columbus,5,98.81,494.05
2024-01-31,Chainsaw,Red Deer,7,75.59,529.13
2024-01-09,Wrench,Saint John,12,5.76,69.12
2024-01-28,T-Shirt,Thunder Bay,9,102.85,925.65
2024-01-15,Flashlight,Helena,1,113.43,113.43
2024-01-01,Television,Saint John,3,117.1,351.29999999999995
2024-01-26,Dress Shirt,Topeka,4,117.73,470.92
2024-01-29,Jeans,Bismarck,10,19.86,198.6
2024-01-16,Flashlight,Columbus,8,97.41,779.28
2024-01-18,Dress Shirt,Whitehorse,7,116.78,817.46
2024-01-09,Chainsaw,Saint John,10,51.65,516.5
2024-01-06,Smartwatch,Concord,2,118.3,236.6
2024-01-04,Chainsaw,Lethbridge,6,112.31,673.86
2024-01-15,Wrench,Windsor,6,21.75,130.5
2024-01-29,Dress Shirt,Red Deer,3,54.26,162.78
2024-01-26,Television,Saint John,8,74.76,598.08
2024-01-17,Pots and Pans,Lethbridge,5,93.45,467.25
2024-01-15,Pots and Pans,Helena,8,50.53,404.24
2024-01-23,Cooking Utensils,Lansing,10,73.64,736.4
2024-01-12,Wrench,Columbus,10,12.58,125.8
2024-01-25,Flashlight,Topeka,11,54.58,600.38
2024-01-10,Dress Shirt,Whitehorse,3,10.07,30.21
2024-01-22,Dress Shirt,Columbus,12,82.21,986.52
2024-01-12,Jeans,Jackson,3,91.01,273.03000000000003
2024-01-25,Smartwatch,Reno,1,115.93,115.93
2024-01-23,Cooking Utensils,Red Deer,12,90.03,1080.3600000000001
2024-01-21,Hammer,Saint John,1,79.62,79.62
2024-01-25,Television,Prince George,1,22.52,22.52
2024-01-09,Television,Columbus,8,35.92,287.36
2024-01-23,Dress Shirt,Columbus,7,76.73,537.11
2024-01-29,Speakers,Tallahassee,11,26.34,289.74
2024-01-26,Frying Pan,Bismarck,10,80.15,801.5
2024-01-02,Dishware Set,Bismarck,2,12.61,25.22
2024-01-10,Chainsaw,Helena,7,118.31,828.1700000000001
2024-01-08,Speakers,Tallahassee,3,83.68,251.04000000000002
2024-01-29,Jacket,Saint John,7,68.78,481.46000000000004
2024-01-09,Bluetooth Speaker,Lethbridge,3,68.26,204.78000000000003
2024-01-19,Dress Shirt,Bismarck,12,28.37,340.44
2024-01-25,Vacuum,Saint John,4,16.32,65.28
2024-01-16,Hammer,Thunder Bay,2,83.71,167.42
2024-01-21,Frying Pan,Thunder Bay,6,103.07,618.42
2024-01-23,T-Shirt,Jackson,11,74.15,815.6500000000001
2024-01-27,T-Shirt,Red Deer,3,118.41,355.23
2024-01-17,Video Game Console,Juneau,2,90.52,181.04
2024-01-15,Cooking Utensils,Juneau,7,16.69,116.83000000000001
2024-01-09,Hammer,Baton Rouge,3,68.66,205.98
2024-01-18,Bluetooth Speaker,Topeka,11,92.34,1015.74
2024-01-21,Hammer,Corner Brook,12,104.13,1249.56
2024-01-27,Jacket,Regina,3,35.26,105.78
2024-01-14,Pots and Pans,Baton Rouge,2,52.17,104.34
2024-01-29,Pots and Pans,Windsor,2,31.49,62.98
2024-01-13,Video Game Console,Concord,4,22.19,88.76
2024-01-02,Wrench,Topeka,11,106.62,1172.8200000000002
2024-01-30,Jeans,Bismarck,9,118.58,1067.22
2024-01-24,Cooking Utensils,Jackson,1,106.24,106.24
2024-01-14,Hammer,Thunder Bay,12,89.14,1069.68
2024-01-25,Hammer,Red Deer,8,104.86,838.88
2024-01-31,Sweater,Jackson,4,41.86,167.44
2024-01-13,Flashlight,Helena,10,16.78,167.8
2024-01-13,Smartwatch,Regina,10,110.75,1107.5
2024-01-17,Dishware Set,Tallahassee,2,75.18,150.36
2024-01-03,Dress Shirt,Lethbridge,3,113.25,339.75
2024-01-13,Jacket,Juneau,8,66.94,535.52
2024-01-28,Frying Pan,Juneau,4,73.02,292.08
2024-01-12,Chainsaw,Thunder Bay,3,101.21,303.63
2024-01-15,Frying Pan,Corner Brook,7,5.85,40.949999999999996
2024-01-06,Pots and Pans,Red Deer,2,109.49,218.98
2024-01-31,Vacuum,Regina,10,48.83,488.29999999999995
2024-01-06,Wrench,Red Deer,2,121.96,243.92
2024-01-07,Hammer,Juneau,6,53.65,321.9
2024-01-20,Cooking Utensils,Lethbridge,9,91.36,822.24
2024-01-26,Video Game Console,Regina,8,59.03,472.24
2024-01-01,Cooking Utensils,Helena,7,33.87,237.08999999999997
2024-01-16,Chainsaw,Tallahassee,10,29.01,290.1
2024-01-31,Speakers,Baton Rouge,12,70.03,840.36
2024-01-01,Jacket,Whitehorse,9,57.0,513.0
2024-01-13,Speakers,Tallahassee,12,83.92,1007.04
2024-01-31,Television,Concord,6,66.74,400.43999999999994
2024-01-24,Frying Pan,Juneau,2,10.39,20.78
2024-01-25,Sweater,Lansing,8,8.93,71.44
2024-01-31,Jeans,Lansing,12,72.31,867.72
2024-01-07,Dishware Set,Corner Brook,2,75.26,150.52
2024-01-10,Cooking Utensils,Concord,7,117.03,819.21
2024-01-28,Cooking Utensils,Windsor,4,73.01,292.04
2024-01-31,Chainsaw,Juneau,9,11.81,106.29
2024-01-28,Bluetooth Speaker,Corner Brook,6,88.68,532.08
2024-01-06,Pots and Pans,Prince George,6,80.89,485.34000000000003
2024-01-12,Sweater,Bismarck,8,18.25,146.0
2024-01-21,Hammer,Juneau,8,120.26,962.08
2024-01-13,T-Shirt,Windsor,1,104.92,104.92
2024-01-07,Cooking Utensils,Regina,10,26.77,267.7
2024-01-05,Wrench,Saint John,8,99.96,799.68
2024-01-26,Frying Pan,Baton Rouge,11,15.4,169.4
2024-01-14,Cooking Utensils,Saint John,7,99.54,696.7800000000001
2024-01-08,Bluetooth Speaker,Baton Rouge,8,105.4,843.2
2024-01-13,Frying Pan,Windsor,11,99.5,1094.5
2024-01-08,Television,Prince George,5,92.48,462.40000000000003
2024-01-14,Vacuum,Bismarck,11,27.95,307.45
2024-01-12,Vacuum,Thunder Bay,1,84.0,84.0
2024-01-25,Sweater,Bismarck,7,15.61,109.27
2024-01-08,Cooking Utensils,Columbus,1,83.99,83.99
2024-01-31,Dishware Set,Prince George,8,109.57,876.56
2024-01-03,Jacket,Windsor,3,20.13,60.39
2024-01-11,Chainsaw,Columbus,8,36.08,288.64
2024-01-16,Cooking Utensils,Jackson,3,87.14,261.42
2024-01-10,Power Drill,Reno,8,70.77,566.16
2024-01-14,Speakers,Tallahassee,2,77.95,155.9
2024-01-09,Pots and Pans,Reno,2,95.63,191.26
2024-01-28,Bluetooth Speaker,Concord,11,63.64,700.04
2024-01-06,Power Drill,Lethbridge,1,65.64,65.64
2024-01-31,Speakers,Bismarck,7,46.5,325.5
2024-01-23,Frying Pan,Corner Brook,9,27.29,245.60999999999999
2024-01-24,Sweater,Thunder Bay,8,25.11,200.88
2024-01-03,Television,Whitehorse,8,32.93,263.44
2024-01-19,Video Game Console,Juneau,7,54.62,382.34
2024-01-30,Pots and Pans,Bismarck,9,76.01,684.09
2024-01-03,Frying Pan,Concord,7,57.36,401.52
2024-01-15,Cooking Utensils,Red Deer,10,47.47,474.7
2024-01-03,Jacket,Bismarck,6,103.47,620.8199999999999
2024-01-17,Jacket,Columbus,4,107.24,428.96
2024-01-16,Frying Pan,Tallahassee,11,111.52,1226.72
2024-01-12,Pots and Pans,Lethbridge,2,69.49,138.98
2024-01-15,Power Drill,Lethbridge,11,68.85,757.3499999999999
2024-01-19,Smartwatch,Windsor,6,5.64,33.839999999999996
2024-01-07,Speakers,Jackson,8,76.22,609.76
2024-01-01,Dress Shirt,Lethbridge,6,27.76,166.56
2024-01-29,Cooking Utensils,Lethbridge,8,38.04,304.32
2024-01-15,Pots and Pans,Corner Brook,7,47.43,332.01
2024-01-14,Television,Prince George,2,109.64,219.28
2024-01-30,Bluetooth Speaker,Reno,10,69.68,696.8000000000001
2024-01-10,Video Game Console,Windsor,9,31.37,282.33
2024-01-19,Television,Prince George,5,66.08,330.4
2024-01-11,Pots and Pans,Prince George,2,111.32,222.64
2024-01-01,Pots and Pans,Juneau,8,69.03,552.24
2024-01-17,Speakers,Whitehorse,6,63.52,381.12
2024-01-30,Pots and Pans,Reno,12,42.53,510.36
2024-01-17,Sweater,Bismarck,8,67.46,539.68
2024-01-01,Power Drill,Prince George,11,71.62,787.82
2024-01-05,Bluetooth Speaker,Juneau,11,52.39,576.29
2024-01-28,Cooking Utensils,Jackson,10,86.54,865.4000000000001
2024-01-28,Jacket,Corner Brook,3,89.27,267.81
2024-01-20,Jeans,Prince George,11,46.29,509.19
2024-01-06,Vacuum,Helena,4,70.4,281.6
2024-01-18,Hammer,Red Deer,1,121.67,121.67
2024-01-06,Cooking Utensils,Topeka,5,114.62,573.1
2024-01-08,Jeans,Saint John,6,24.17,145.02
2024-01-23,Dress Shirt,Saint John,10,81.61,816.1
2024-01-21,Frying Pan,Bismarck,8,110.28,882.24
2024-01-05,Speakers,Columbus,9,36.93,332.37
2024-01-02,Dress Shirt,Windsor,8,48.01,384.08
2024-01-20,Frying Pan,Windsor,7,111.45,780.15
2024-01-08,Frying Pan,Helena,11,109.93,1209.23
2024-01-18,Jeans,Prince George,6,109.15,654.9000000000001
2024-01-10,Bluetooth Speaker,Windsor,8,58.22,465.76
2024-01-31,Flashlight,Tallahassee,5,45.93,229.65
2024-01-06,Power Drill,Saint John,1,50.11,50.11
2024-01-23,Dress Shirt,Whitehorse,9,94.11,846.99
2024-01-31,Dress Shirt,Prince George,11,40.04,440.44
2024-01-17,Jeans,Prince George,1,22.22,22.22
2024-01-06,Smartwatch,Regina,3,19.36,58.08
2024-01-24,Vacuum,Juneau,2,40.02,80.04
2024-01-20,Sweater,Concord,4,111.08,444.32
2024-01-28,Jeans,Jackson,1,66.37,66.37
2024-01-30,Chainsaw,Whitehorse,2,75.27,150.54
2024-01-17,Television,Baton Rouge,10,107.9,1079.0
2024-01-01,T-Shirt,Red Deer,12,124.03,1488.3600000000001
2024-01-13,Chainsaw,Windsor,10,22.97,229.7
2024-01-13,Chainsaw,Baton Rouge,1,35.08,35.08
2024-01-26,Chainsaw,Helena,12,47.0,564.0
2024-01-18,Video Game Console,Helena,11,124.69,1371.59
2024-01-17,Bluetooth Speaker,Baton Rouge,4,42.22,168.88
2024-01-12,Television,Red Deer,2,28.83,57.66
2024-01-28,Frying Pan,Lethbridge,4,5.27,21.08
2024-01-12,Video Game Console,Tallahassee,7,101.08,707.56
2024-01-26,Cooking Utensils,Windsor,9,79.15,712.35
2024-01-07,Wrench,Baton Rouge,4,114.77,459.08
2024-01-04,Jeans,Helena,12,121.01,1452.1200000000001
2024-01-21,Wrench,Prince George,7,20.59,144.13
2024-01-17,Dishware Set,Bismarck,1,56.45,56.45
2024-01-26,Jacket,Reno,6,66.16,396.96
2024-01-10,Frying Pan,Tallahassee,3,92.39,277.17
2024-01-25,Frying Pan,Columbus,9,70.69,636.21
2024-01-12,Jeans,Windsor,2,71.95,143.9
2024-01-12,Power Drill,Jackson,10,62.62,626.1999999999999
2024-01-13,Jacket,Baton Rouge,4,29.84,119.36
2024-01-13,Power Drill,Regina,10,13.38,133.8
2024-01-31,Hammer,Helena,10,5.36,53.6
2024-01-29,Power Drill,Lansing,5,113.72,568.6
2024-01-18,Bluetooth Speaker,Jackson,1,124.31,124.31
2024-01-21,Jacket,Bismarck,3,118.62,355.86
2024-01-04,Jacket,Saint John,11,93.64,1030.04
2024-01-30,Pots and Pans,Reno,10,35.53,355.3
2024-01-01,Smartwatch,Tallahassee,11,11.25,123.75
2024-01-28,Frying Pan,Bismarck,3,32.3,96.89999999999999
2024-01-15,Television,Saint John,8,101.78,814.24
2024-01-07,Pots and Pans,Columbus,3,12.22,36.660000000000004
2024-01-18,Frying Pan,Regina,4,79.88,319.52
2024-01-30,Vacuum,Red Deer,10,24.43,244.3
2024-01-04,Frying Pan,Corner Brook,10,89.07,890.6999999999999
2024-01-17,Jacket,Prince George,1,46.64,46.64
2024-01-01,Chainsaw,Baton Rouge,3,63.3,189.89999999999998
2024-01-20,Sweater,Red Deer,2,84.8,169.6
2024-01-29,Hammer,Jackson,8,41.04,328.32
2024-01-08,Hammer,Lansing,4,74.87,299.48
2024-01-29,Wrench,Saint John,5,64.86,324.3
2024-01-13,Bluetooth Speaker,Corner Brook,8,94.74,757.92
2024-01-16,Jacket,Bismarck,1,40.45,40.45
2024-01-05,Bluetooth Speaker,Juneau,2,17.59,35.18
2024-01-24,Television,Lethbridge,4,99.89,399.56
2024-01-28,Speakers,Thunder Bay,6,37.62,225.71999999999997
2024-01-10,Chainsaw,Helena,4,42.66,170.64
2024-01-16,Smartwatch,Juneau,6,73.76,442.56000000000006
2024-01-15,Television,Columbus,11,80.63,886.93
2024-01-22,Cooking Utensils,Lethbridge,6,17.91,107.46000000000001
2024-01-22,Sweater,Concord,12,94.53,1134.3600000000001
2024-01-09,Dishware Set,Baton Rouge,8,45.64,365.12
2024-01-14,Television,Lansing,2,114.51,229.02
2024-01-18,Frying Pan,Topeka,5,11.53,57.65
2024-01-04,Sweater,Prince George,6,29.93,179.57999999999998
2024-01-03,Television,Bismarck,9,120.14,1081.26
2024-01-02,Cooking Utensils,Lethbridge,5,90.16,450.79999999999995
2024-01-22,Dishware Set,Prince George,2,113.06,226.12
2024-01-07,Vacuum,Tallahassee,11,19.88,218.67999999999998
2024-01-23,Dishware Set,Red Deer,4,73.21,292.84
2024-01-02,Flashlight,Topeka,6,11.83,70.98
2024-01-11,Pots and Pans,Thunder Bay,4,84.63,338.52
2024-01-15,Bluetooth Speaker,Thunder Bay,4,106.16,424.64
2024-01-25,Vacuum,Windsor,1,13.0,13.0
2024-01-19,Cooking Utensils,Reno,6,81.65,489.90000000000003
2024-01-11,Vacuum,Helena,5,58.8,294.0
2024-01-26,Smartwatch,Concord,1,75.24,75.24
2024-01-20,Jacket,Windsor,5,14.7,73.5
2024-01-08,Video Game Console,Lethbridge,3,99.42,298.26
2024-01-28,Power Drill,Tallahassee,12,62.69,752.28
2024-01-25,Jacket,Whitehorse,7,43.01,301.07
2024-01-18,Dress Shirt,Concord,3,41.93,125.78999999999999
2024-01-11,Frying Pan,Jackson,11,39.17,430.87
2024-01-03,Video Game Console,Juneau,6,63.57,381.42
2024-01-06,T-Shirt,Bismarck,4,121.87,487.48
2024-01-31,Dishware Set,Juneau,5,18.36,91.8
2024-01-21,Dress Shirt,Whitehorse,8,67.53,540.24
2024-01-01,Frying Pan,Corner Brook,12,50.39,604.6800000000001
2024-01-29,Bluetooth Speaker,Bismarck,2,14.27,28.54
2024-01-17,T-Shirt,Columbus,3,101.06,303.18
2024-01-07,Jeans,Lethbridge,11,9.42,103.62
2024-01-01,Jacket,Jackson,8,43.74,349.92
2024-01-16,Wrench,Bismarck,8,48.59,388.72
2024-01-26,Dishware Set,Bismarck,5,12.59,62.95
2024-01-08,Pots and Pans,Windsor,2,111.87,223.74
2024-01-28,T-Shirt,Jackson,6,82.61,495.65999999999997
2024-01-22,Dishware Set,Jackson,9,5.68,51.12
2024-01-30,Television,Corner Brook,7,93.27,652.89
2024-01-28,Jeans,Topeka,6,47.52,285.12
2024-01-14,Bluetooth Speaker,Helena,11,64.91,714.01
2024-01-19,Jeans,Juneau,3,15.01,45.03
2024-01-25,Dress Shirt,Columbus,9,62.73,564.5699999999999
2024-01-08,Dress Shirt,Prince George,4,62.88,251.52
2024-01-11,Television,Bismarck,1,12.11,12.11
2024-01-07,Sweater,Whitehorse,11,89.93,989.23
2024-01-18,T-Shirt,Baton Rouge,4,36.41,145.64
2024-01-21,Vacuum,Bismarck,2,9.79,19.58
2024-01-15,Frying Pan,Concord,2,113.01,226.02
2024-01-08,Television,Topeka,10,59.04,590.4
2024-01-12,Vacuum,Helena,4,48.41,193.64
2024-01-03,Sweater,Concord,3,103.83,311.49
2024-01-22,Dishware Set,Regina,7,110.2,771.4
2024-01-21,Smartwatch,Whitehorse,4,124.16,496.64
2024-01-02,Vacuum,Topeka,2,100.89,201.78
2024-01-20,Sweater,Lansing,2,48.86,97.72
2024-01-30,Television,Tallahassee,9,62.49,562.41
2024-01-06,Flashlight,Juneau,10,104.95,1049.5
2024-01-20,Vacuum,Jackson,3,21.71,65.13
2024-01-12,Chainsaw,Regina,3,40.02,120.06
2024-01-03,Flashlight,Windsor,7,50.62,354.34
2024-01-24,Dishware Set,Corner Brook,7,15.88,111.16000000000001
2024-01-17,Flashlight,Baton Rouge,2,93.16,186.32
2024-01-19,Dishware Set,Whitehorse,6,105.46,632.76
2024-01-21,Wrench,Reno,1,87.41,87.41
2024-01-15,Dishware Set,Prince George,8,60.98,487.84
2024-01-01,Frying Pan,Lansing,3,117.79,353.37
2024-01-08,Dishware Set,Tallahassee,3,100.36,301.08
2024-01-10,Bluetooth Speaker,Saint John,10,64.42,644.2
2024-01-15,Pots and Pans,Jackson,11,108.65,1195.15
2024-01-09,Wrench,Topeka,8,50.12,400.96
2024-01-01,Pots and Pans,Jackson,10,122.17,1221.7
2024-01-25,Dress Shirt,Corner Brook,4,45.89,183.56
2024-01-23,Vacuum,Jackson,6,24.93,149.57999999999998
2024-01-31,Dishware Set,Thunder Bay,9,66.22,595.98
2024-01-15,Dishware Set,Columbus,6,45.15,270.9
2024-01-24,Frying Pan,Concord,4,100.67,402.68
2024-01-21,Frying Pan,Regina,5,61.25,306.25
2024-01-03,Hammer,Windsor,8,34.29,274.32
2024-01-03,Speakers,Columbus,1,88.25,88.25
2024-01-02,Power Drill,Thunder Bay,3,103.45,310.35
2024-01-26,Pots and Pans,Prince George,11,57.38,631.1800000000001
2024-01-28,Video Game Console,Tallahassee,6,29.73,178.38
2024-01-24,Frying Pan,Jackson,6,28.08,168.48
2024-01-24,Wrench,Lethbridge,1,64.39,64.39
2024-01-27,Sweater,Windsor,4,22.17,88.68
2024-01-13,Pots and Pans,Saint John,5,101.78,508.9
2024-01-26,Television,Lethbridge,6,10.49,62.94
2024-01-09,Television,Concord,10,93.29,932.9000000000001
2024-01-04,Sweater,Saint John,9,56.13,505.17
2024-01-18,Power Drill,Bismarck,1,77.62,77.62
2024-01-25,Wrench,Tallahassee,3,67.41,202.23
2024-01-03,Hammer,Corner Brook,8,91.84,734.72
2024-01-17,Flashlight,Thunder Bay,8,63.65,509.2
2024-01-30,Smartwatch,Bismarck,3,53.46,160.38
2024-01-18,Smartwatch,Whitehorse,7,104.57,731.99
2024-01-12,Smartwatch,Thunder Bay,2,34.34,68.68
2024-01-19,Dishware Set,Saint John,4,83.38,333.52
2024-01-07,Dishware Set,Juneau,9,96.6,869.4
2024-01-23,Jacket,Jackson,12,6.02,72.24
2024-01-22,Chainsaw,Windsor,8,73.92,591.36
2024-01-18,Power Drill,Juneau,1,22.81,22.81
2024-01-07,Bluetooth Speaker,Red Deer,2,27.49,54.98
2024-01-03,Smartwatch,Reno,5,116.54,582.7
2024-01-16,T-Shirt,Lansing,1,98.71,98.71
2024-01-15,Speakers,Helena,11,113.27,1245.97
2024-01-11,Wrench,Windsor,7,105.27,736.89
2024-01-15,Sweater,Jackson,6,48.51,291.06
2024-01-25,Flashlight,Thunder Bay,9,72.33,650.97
2024-01-10,Sweater,Lethbridge,10,44.83,448.29999999999995
2024-01-02,Smartwatch,Lethbridge,4,29.56,118.24
2024-01-09,Jeans,Jackson,4,81.91,327.64
2024-01-31,Speakers,Reno,11,118.0,1298.0
2024-01-12,Smartwatch,Bismarck,5,110.19,550.95
2024-01-24,Chainsaw,Baton Rouge,9,111.44,1002.96
2024-01-30,Chainsaw,Prince George,6,49.97,299.82
2024-01-26,Television,Corner Brook,3,96.3,288.9
2024-01-20,Hammer,Helena,11,28.36,311.96
2024-01-29,Smartwatch,Tallahassee,2,64.82,129.64
2024-01-10,Cooking Utensils,Lansing,8,41.52,332.16
2024-01-29,Smartwatch,Helena,7,111.54,780.7800000000001
2024-01-20,Dishware Set,Saint John,4,58.81,235.24
2024-01-08,Power Drill,Jackson,7,49.55,346.84999999999997
2024-01-25,Jeans,Helena,2,56.38,112.76
2024-01-02,Dress Shirt,Whitehorse,6,64.03,384.18
2024-01-19,Power Drill,Jackson,6,107.01,642.0600000000001
2024-01-10,Chainsaw,Jackson,10,53.03,530.3
2024-01-27,Hammer,Lethbridge,1,99.03,99.03
2024-01-18,T-Shirt,Bismarck,9,52.46,472.14
2024-01-17,Flashlight,Baton Rouge,8,67.57,540.56
2024-01-02,Jacket,Bismarck,7,30.21,211.47
2024-01-25,Jacket,Concord,11,68.11,749.21
2024-01-11,Cooking Utensils,Lansing,3,86.98,260.94
2024-01-16,Cooking Utensils,Helena,7,14.97,104.79
2024-01-31,Frying Pan,Corner Brook,10,38.28,382.8
2024-01-04,T-Shirt,Red Deer,2,5.12,10.24
2024-01-09,Bluetooth Speaker,Regina,8,102.5,820.0
2024-01-25,Wrench,Tallahassee,2,63.07,126.14
2024-01-28,Power Drill,Helena,9,88.31,794.79
2024-01-08,Vacuum,Windsor,4,65.36,261.44
2024-01-14,Flashlight,Red Deer,3,70.79,212.37
2024-01-04,Bluetooth Speaker,Bismarck,2,116.11,232.22
2024-01-18,Jeans,Prince George,1,66.32,66.32
2024-01-18,Flashlight,Tallahassee,6,63.25,379.5
2024-01-07,Television,Helena,9,112.09,1008.8100000000001
2024-01-24,Jacket,Topeka,3,53.07,159.21
2024-01-08,Jeans,Bismarck,5,108.41,542.05
2024-01-06,Dress Shirt,Windsor,12,6.53,78.36
2024-01-24,Speakers,Helena,11,106.91,1176.01
2024-01-09,Cooking Utensils,Helena,3,96.87,290.61
2024-01-27,Bluetooth Speaker,Prince George,3,103.36,310.08
2024-01-09,Vacuum,Saint John,2,106.07,212.14
2024-01-16,Smartwatch,Topeka,2,102.43,204.86
2024-01-05,Wrench,Whitehorse,2,67.63,135.26
2024-01-09,Pots and Pans,Corner Brook,10,34.89,348.9
2024-01-08,Sweater,Windsor,6,69.44,416.64
2024-01-10,Bluetooth Speaker,Baton Rouge,6,111.01,666.0600000000001
2024-01-03,Vacuum,Windsor,6,28.04,168.24
2024-01-12,Speakers,Bismarck,1,123.09,123.09
2024-01-28,Television,Windsor,4,93.41,373.64
2024-01-09,Frying Pan,Reno,4,35.66,142.64
2024-01-01,Dress Shirt,Lethbridge,7,108.06,756.4200000000001
2024-01-15,Television,Juneau,5,49.23,246.14999999999998
2024-01-05,Vacuum,Red Deer,5,43.91,219.54999999999998
2024-01-27,Chainsaw,Corner Brook,9,58.18,523.62
2024-01-18,Hammer,Concord,5,120.12,600.6
2024-01-28,Dress Shirt,Lethbridge,9,65.72,591.48
2024-01-05,Speakers,Jackson,6,63.22,379.32
2024-01-25,Frying Pan,Reno,3,114.17,342.51
2024-01-06,Hammer,Red Deer,2,116.84,233.68
2024-01-21,Smartwatch,Whitehorse,10,103.29,1032.9
2024-01-30,Smartwatch,Thunder Bay,9,19.06,171.54
2024-01-07,Jacket,Jackson,1,15.49,15.49
2024-01-18,Dress Shirt,Concord,3,61.64,184.92000000000002
2024-01-18,Chainsaw,Topeka,6,49.33,295.98
2024-01-17,Dress Shirt,Corner Brook,2,102.8,205.6
2024-01-18,Dress Shirt,Saint John,4,52.75,211.0
2024-01-07,Bluetooth Speaker,Jackson,8,122.02,976.16
2024-01-13,Jeans,Columbus,10,66.98,669.8000000000001
2024-01-08,Wrench,Prince George,9,43.8,394.2
2024-01-19,Jeans,Lethbridge,3,103.34,310.02
2024-01-14,Smartwatch,Corner Brook,6,12.83,76.98
2024-01-03,Sweater,Regina,7,6.45,45.15
2024-01-28,Dress Shirt,Red Deer,7,87.09,609.63
2024-01-18,Flashlight,Thunder Bay,1,62.5,62.5
2024-01-13,Jeans,Prince George,2,56.51,113.02
2024-01-07,Vacuum,Prince George,3,104.06,312.18
2024-01-28,Flashlight,Columbus,12,82.05,984.5999999999999
2024-01-02,Speakers,Windsor,10,113.19,1131.9
2024-01-30,Video Game Console,Whitehorse,10,38.75,387.5
2024-01-19,Hammer,Concord,3,23.66,70.98
2024-01-11,Wrench,Saint John,9,103.79,934.11
2024-01-20,Hammer,Topeka,7,74.41,520.87
2024-01-11,Jacket,Columbus,9,90.2,811.8000000000001
2024-01-02,Chainsaw,Reno,1,77.46,77.46
2024-01-02,Cooking Utensils,Baton Rouge,7,48.96,342.72
2024-01-18,T-Shirt,Corner Brook,9,13.09,117.81
2024-01-27,Jeans,Regina,4,49.22,196.88
2024-01-31,Chainsaw,Corner Brook,12,52.61,631.3199999999999
2024-01-01,Video Game Console,Whitehorse,6,72.0,432.0
2024-01-31,Pots and Pans,Lethbridge,8,13.48,107.84
2024-01-11,Frying Pan,Prince George,5,27.54,137.7
2024-01-24,Jeans,Baton Rouge,10,80.54,805.4000000000001
2024-01-12,Chainsaw,Lansing,10,9.72,97.2
2024-01-16,Smartwatch,Lansing,12,54.39,652.6800000000001
2024-01-08,Jeans,Bismarck,2,18.51,37.02
2024-01-02,Sweater,Reno,10,27.6,276.0
2024-01-31,Video Game Console,Lethbridge,12,88.49,1061.8799999999999
2024-01-29,T-Shirt,Juneau,4,23.64,94.56
2024-01-15,Video Game Console,Columbus,4,85.18,340.72
2024-01-09,Chainsaw,Corner Brook,2,93.53,187.06
2024-01-02,Flashlight,Concord,5,42.04,210.2
2024-01-09,Smartwatch,Corner Brook,7,109.65,767.5500000000001
2024-01-20,Hammer,Lansing,11,78.1,859.0999999999999
2024-01-24,Frying Pan,Bismarck,10,8.47,84.7
2024-01-18,T-Shirt,Jackson,12,93.1,1117.1999999999998
2024-01-14,Frying Pan,Juneau,5,120.64,603.2
2024-01-25,Jeans,Corner Brook,3,23.43,70.28999999999999
2024-01-17,Sweater,Helena,5,85.35,426.75
2024-01-19,Flashlight,Columbus,4,82.07,328.28
2024-01-13,Vacuum,Tallahassee,1,53.23,53.23
2024-01-08,Cooking Utensils,Thunder Bay,7,21.24,148.67999999999998
2024-01-29,Bluetooth Speaker,Windsor,12,42.46,509.52
2024-01-11,Speakers,Reno,5,63.54,317.7
2024-01-11,Bluetooth Speaker,Lansing,5,115.52,577.6
2024-01-06,Television,Saint John,12,10.53,126.35999999999999
2024-01-11,Chainsaw,Concord,8,20.17,161.36
2024-01-09,Sweater,Lethbridge,3,102.36,307.08
2024-01-14,Smartwatch,Columbus,2,112.13,224.26
2024-01-27,T-Shirt,Thunder Bay,9,87.01,783.09
2024-01-23,Bluetooth Speaker,Red Deer,9,121.13,1090.17
2024-01-11,Frying Pan,Saint John,1,37.49,37.49
2024-01-01,Chainsaw,Helena,1,30.41,30.41
2024-01-30,Speakers,Corner Brook,8,86.53,692.24
2024-01-02,Video Game Console,Baton Rouge,1,8.61,8.61
2024-01-02,Wrench,Jackson,8,61.98,495.84
2024-01-29,Bluetooth Speaker,Tallahassee,4,122.72,490.88
2024-01-02,Video Game Console,Tallahassee,4,65.33,261.32
2024-01-08,Hammer,Whitehorse,11,41.37,455.07
2024-01-29,Wrench,Bismarck,8,115.52,924.16
2024-01-13,Cooking Utensils,Reno,7,100.26,701.82
2024-01-19,Frying Pan,Red Deer,9,51.81,466.29
2024-01-31,Sweater,Reno,6,111.18,667.08
2024-01-06,Pots and Pans,Red Deer,6,66.18,397.08000000000004
2024-01-19,Speakers,Whitehorse,12,71.11,853.3199999999999
2024-01-15,Hammer,Lethbridge,7,55.93,391.51
2024-01-12,T-Shirt,Concord,7,77.25,540.75
2024-01-14,Dishware Set,Juneau,6,54.34,326.04
2024-01-25,Jeans,Whitehorse,5,101.01,505.05
2024-01-28,Bluetooth Speaker,Tallahassee,3,115.71,347.13
2024-01-30,Bluetooth Speaker,Lansing,11,97.57,1073.27
2024-01-04,Wrench,Juneau,7,37.55,262.84999999999997
2024-01-12,Smartwatch,Regina,11,36.36,399.96
2024-01-24,Flashlight,Helena,5,63.97,319.85
2024-01-14,Video Game Console,Lansing,3,56.59,169.77
2024-01-22,Cooking Utensils,Prince George,9,40.03,360.27
2024-01-10,Jeans,Corner Brook,1,23.57,23.57
2024-01-01,Jeans,Reno,5,37.91,189.54999999999998
2024-01-30,Dress Shirt,Windsor,8,99.53,796.24
2024-01-21,Dishware Set,Red Deer,8,30.15,241.2
2024-01-20,Dishware Set,Reno,4,123.56,494.24
2024-01-20,Hammer,Lethbridge,11,10.21,112.31
2024-01-21,Smartwatch,Lansing,4,53.28,213.12
2024-01-16,T-Shirt,Bismarck,12,95.37,1144.44
2024-01-28,Bluetooth Speaker,Thunder Bay,4,87.89,351.56
2024-01-19,Video Game Console,Baton Rouge,6,38.35,230.10000000000002
2024-01-05,Vacuum,Topeka,12,102.38,1228.56
2024-01-20,Dress Shirt,Tallahassee,6,31.02,186.12
2024-01-09,T-Shirt,Topeka,5,42.74,213.70000000000002
2024-01-31,Frying Pan,Windsor,11,103.51,1138.6100000000001
2024-01-05,T-Shirt,Lethbridge,10,120.38,1203.8
2024-01-18,Bluetooth Speaker,Jackson,2,23.18,46.36
2024-01-07,Frying Pan,Lansing,7,55.66,389.62
2024-01-18,Dishware Set,Columbus,1,119.58,119.58
2024-01-26,Bluetooth Speaker,Red Deer,9,74.35,669.15
2024-01-02,Wrench,Baton Rouge,8,28.93,231.44
2024-01-09,Chainsaw,Saint John,9,106.78,961.02
2024-01-26,Power Drill,Tallahassee,3,31.83,95.49
2024-01-05,Jacket,Saint John,2,99.68,199.36
2024-01-01,Bluetooth Speaker,Saint John,2,16.66,33.32
2024-01-18,Pots and Pans,Prince George,4,72.32,289.28
2024-01-23,T-Shirt,Concord,4,76.49,305.96
2024-01-26,Dishware Set,Reno,9,70.31,632.79
2024-01-16,Dress Shirt,Concord,7,97.74,684.18
2024-01-04,Bluetooth Speaker,Helena,2,105.19,210.38
2024-01-24,Dress Shirt,Reno,6,75.5,453.0
2024-01-12,Jacket,Lansing,7,84.1,588.6999999999999
2024-01-02,Power Drill,Topeka,8,122.75,982.0
2024-01-09,Dress Shirt,Lethbridge,3,83.42,250.26
2024-01-22,Dress Shirt,Bismarck,1,59.52,59.52
2024-01-06,Video Game Console,Columbus,2,71.77,143.54
2024-01-23,Jeans,Bismarck,5,85.14,425.7
